{
    "module_name": "MODULE_KALI_CLI_ACCESS",
    "platform": "NetSecurePro",
    "description": "Installation automatis\u00e9e d\u2019un environnement Kali Linux en mode ligne de commande pour acc\u00e8s distant et audit de s\u00e9curit\u00e9, int\u00e9gr\u00e9e dans IA Terminal.",
    "input_zone": "CLASS_CLONE > INPUT_FILE",
    "access_mode": "Mobile & Terminal",
    "intelligence_type": "Internet Intelligence",
    "launcher": "aiterminal_launcher.sh",
    "scripts": [
        "create_kali_vm_cli.sh",
        "run_kali_remote.sh",
        "integrate_to_class_clone.sh"
    ],
    "status": "active",
    "category": "security-pentest",
    "created_by": "AITerminal_Linux_CMD",
    "version": "1.0.0"
}